﻿<?xml version="1.0" encoding="utf-8"?><theme format-ver="01.00" package="0">
<StartScreenProperty>
<m_filePath>lockscreen.png</m_filePath>
<m_dateColor>ffC20000</m_dateColor>
<m_dateLayout>1</m_dateLayout>
<m_notifyBgColor>3e72725d</m_notifyBgColor>
<m_notifyBorderColor>66000000</m_notifyBorderColor>
<m_notifyFontColor>ffd39658</m_notifyFontColor>
</StartScreenProperty>
<InfomationBarProperty>
<m_barColor>FF000000</m_barColor>
<m_indicatorColor>ffc0c0c0</m_indicatorColor>
<m_noticeFontColor>ffd39658</m_noticeFontColor>
<m_noNoticeFilePath>notice_none.png</m_noNoticeFilePath>
<m_newNoticeFilePath>notice.png</m_newNoticeFilePath>
<m_noticeGlowColor>ffc4c4c4</m_noticeGlowColor>
</InfomationBarProperty>
<InfomationProperty>
<m_contentVer>01.30</m_contentVer>
<m_title><m_default>Metallimadman</m_default>
<m_param><m_ja>Metallimadman</m_ja>
<m_en>Metallimadman</m_en>
<m_en_gb>Metallimadman</m_en_gb>
</m_param></m_title><m_provider><m_default>SupahPhunThyme</m_default>
<m_param><m_ja>Metallimadman</m_ja>
<m_en>SupahPhunThyme</m_en>
<m_en_gb>SupahPhunThyme</m_en_gb>
</m_param></m_provider>
<m_homePreviewFilePath>preview_home.png</m_homePreviewFilePath>
<m_startPreviewFilePath>preview_lockscreen.png</m_startPreviewFilePath>
<m_packageImageFilePath>packagethumbnail.png</m_packageImageFilePath>
</InfomationProperty>
<HomeProperty><m_bgParam><BackgroundParam>
<m_thumbnailFilePath>bg00t.png</m_thumbnailFilePath>
<m_imageFilePath>bg00.png</m_imageFilePath>
<m_waveType>13</m_waveType>
<m_fontColor>ffD39658</m_fontColor>
<m_fontShadow>1</m_fontShadow>
</BackgroundParam>
<BackgroundParam>
<m_thumbnailFilePath>bg01t.png</m_thumbnailFilePath>
<m_imageFilePath>bg01.png</m_imageFilePath>
<m_waveType>13</m_waveType>
<m_fontColor>ffD39658</m_fontColor>
<m_fontShadow>1</m_fontShadow>
</BackgroundParam>
<BackgroundParam>
<m_thumbnailFilePath>bg02t.png</m_thumbnailFilePath>
<m_imageFilePath>bg02.png</m_imageFilePath>
<m_waveType>13</m_waveType>
<m_fontColor>ffD39658</m_fontColor>
<m_fontShadow>1</m_fontShadow>
</BackgroundParam>
<BackgroundParam>
<m_thumbnailFilePath>bg03t.png</m_thumbnailFilePath>
<m_imageFilePath>bg03.png</m_imageFilePath>
<m_waveType>13</m_waveType>
<m_fontColor>ffD39658</m_fontColor>
<m_fontShadow>1</m_fontShadow>
</BackgroundParam>
<BackgroundParam>
<m_thumbnailFilePath>bg04t.png</m_thumbnailFilePath>
<m_imageFilePath>bg04.png</m_imageFilePath>
<m_waveType>13</m_waveType>
<m_fontColor>ffD39658</m_fontColor>
<m_fontShadow>1</m_fontShadow>
</BackgroundParam>
<BackgroundParam>
<m_thumbnailFilePath>bg05t.png</m_thumbnailFilePath>
<m_imageFilePath>bg05.png</m_imageFilePath>
<m_waveType>13</m_waveType>
<m_fontColor>ffD39658</m_fontColor>
<m_fontShadow>1</m_fontShadow>
</BackgroundParam>
<BackgroundParam>
<m_thumbnailFilePath>bg06t.png</m_thumbnailFilePath>
<m_imageFilePath>bg06.png</m_imageFilePath>
<m_waveType>13</m_waveType>
<m_fontColor>ffffffff</m_fontColor>
<m_fontShadow>1</m_fontShadow>
</BackgroundParam>
<BackgroundParam>
<m_thumbnailFilePath>bg07t.png</m_thumbnailFilePath>
<m_imageFilePath>bg07.png</m_imageFilePath>
<m_waveType>13</m_waveType>
<m_fontColor>ffD39658</m_fontColor>
<m_fontShadow>1</m_fontShadow>
</BackgroundParam>
<BackgroundParam>
<m_thumbnailFilePath>bg08t.png</m_thumbnailFilePath>
<m_imageFilePath>bg08.png</m_imageFilePath>
<m_waveType>13</m_waveType>
<m_fontColor>ffD39658</m_fontColor>
<m_fontShadow>1</m_fontShadow>
</BackgroundParam>
<BackgroundParam>
<m_thumbnailFilePath>bg09t.png</m_thumbnailFilePath>
<m_imageFilePath>bg09.png</m_imageFilePath>
<m_waveType>13</m_waveType>
<m_fontColor>ffD39658</m_fontColor>
<m_fontShadow>1</m_fontShadow>
</BackgroundParam>
</m_bgParam>
<m_bgmFilePath>BGM.at9</m_bgmFilePath>
<m_basePageFilePath>basepage.png</m_basePageFilePath>
<m_curPageFilePath>curpage.png</m_curPageFilePath>
<m_browser>
<m_iconFilePath>icon_web.png</m_iconFilePath>
</m_browser>
<m_video>
<m_iconFilePath>icon_videos.png</m_iconFilePath>
</m_video>
<m_music>
<m_iconFilePath>icon_music.png</m_iconFilePath>
</m_music>
<m_ps3Link>
<m_iconFilePath>icon_ps3link.png</m_iconFilePath>
</m_ps3Link>
<m_party>
<m_iconFilePath>icon_party.png</m_iconFilePath>
</m_party>
<m_trophy>
<m_iconFilePath>icon_trophies.png</m_iconFilePath>
</m_trophy>
<m_near>
<m_iconFilePath>icon_near.png</m_iconFilePath>
</m_near>
<m_hostCollabo>
<m_iconFilePath>icon_cma.png</m_iconFilePath>
</m_hostCollabo>
<m_ps4Link>
<m_iconFilePath>icon_ps4link.png</m_iconFilePath>
</m_ps4Link>
<m_friend>
<m_iconFilePath>icon_friends.png</m_iconFilePath>
</m_friend>
<m_email>
<m_iconFilePath>icon_mail.png</m_iconFilePath>
</m_email>
<m_calendar>
<m_iconFilePath>icon_calendar.png</m_iconFilePath>
</m_calendar>
<m_message>
<m_iconFilePath>icon_messages.png</m_iconFilePath>
</m_message>
<m_parental>
<m_iconFilePath>icon_parental.png</m_iconFilePath>
</m_parental>
<m_camera>
<m_iconFilePath>icon_photos.png</m_iconFilePath>
</m_camera>
<m_settings>
<m_iconFilePath>icon_settings.png</m_iconFilePath>
</m_settings>
<m_power>
<m_iconFilePath>icon_power.png</m_iconFilePath>
</m_power>
</HomeProperty>
</theme>